Wahl,Wahltag,Stimmbezirk,ParteiCode,ParteiLabel,Stimmentyp,Stimmen
Bundestagswahl,1949-08-14,Gesamt,CSU,Christlich-Soziale Union in Bayern e.V. (CSU),Zweitstimme,569
Bundestagswahl,1949-08-14,Gesamt,SPD,Sozialdemokratische Partei Deutschlands (SPD),Zweitstimme,346
Bundestagswahl,1949-08-14,Gesamt,FDP,Freie Demokratische Partei (FDP),Zweitstimme,137
Bundestagswahl,1949-08-14,Gesamt,BP,Bayernpartei (BP),Zweitstimme,568
Bundestagswahl,1949-08-14,Gesamt,KPD-ALT,Kommunistische Partei Deutschlands (KPD) (verboten am 17.08.1956),Zweitstimme,71
Bundestagswahl,1949-08-14,Gesamt,WAV,Wirtschaftliche Aufbau-Vereinigung (WAV),Zweitstimme,436
Bundestagswahl,1953-09-06,Gesamt,CSU,Christlich-Soziale Union in Bayern e.V. (CSU),Zweitstimme,1080
Bundestagswahl,1953-09-06,Gesamt,SPD,Sozialdemokratische Partei Deutschlands (SPD),Zweitstimme,479
Bundestagswahl,1953-09-06,Gesamt,FDP,Freie Demokratische Partei (FDP),Zweitstimme,91
Bundestagswahl,1953-09-06,Gesamt,BP,Bayernpartei (BP),Zweitstimme,424
Bundestagswahl,1953-09-06,Gesamt,GB-BHE,Gesamtdeutscher Block/Block der Heimatvertriebenen und Entrechteten,Zweitstimme,375
Bundestagswahl,1953-09-06,Gesamt,DNS,Nationale Sammlung (DNS),Zweitstimme,11
Bundestagswahl,1953-09-06,Gesamt,DP,Deutsche Partei (DP),Zweitstimme,8
Bundestagswahl,1953-09-06,Gesamt,KPD-ALT,Kommunistische Partei Deutschlands (KPD) (verboten am 17.08.1956),Zweitstimme,26
Bundestagswahl,1953-09-06,Gesamt,DRP,Deutsche Reichs-Partei (DRP),Zweitstimme,17
Bundestagswahl,1953-09-06,Gesamt,GVP,Gesamtdeutsche Volkspartei (GVP),Zweitstimme,16
Bundestagswahl,1957-09-15,Gesamt,CSU,Christlich-Soziale Union in Bayern e.V. (CSU),Zweitstimme,1648
Bundestagswahl,1957-09-15,Gesamt,SPD,Sozialdemokratische Partei Deutschlands (SPD),Zweitstimme,775
Bundestagswahl,1957-09-15,Gesamt,FDP,Freie Demokratische Partei (FDP),Zweitstimme,109
Bundestagswahl,1957-09-15,Gesamt,FU,Föderalistische Union (Bayernpartei/Zentrum) (FU),Zweitstimme,139
Bundestagswahl,1957-09-15,Gesamt,GB-BHE,Gesamtdeutscher Block/Block der Heimatvertriebenen und Entrechteten,Zweitstimme,394
Bundestagswahl,1957-09-15,Gesamt,DP,Deutsche Partei (DP),Zweitstimme,12
Bundestagswahl,1957-09-15,Gesamt,BDD,"Bund der Deutschen Partei für Einheit, Frieden und Freiheit (BdD)",Zweitstimme,6
Bundestagswahl,1957-09-15,Gesamt,DRP,Deutsche Reichs-Partei (DRP),Zweitstimme,10
Bundestagswahl,1957-09-15,Gesamt,VU,Vaterländische Union (VU),Zweitstimme,3
Bundestagswahl,1957-09-15,Gesamt,UDM,Deutscher Mittelstand (Union Deutscher Mittelstandsparteien) (UDM),Zweitstimme,17
Bundestagswahl,1961-09-17,Gesamt,CSU,Christlich-Soziale Union in Bayern e.V. (CSU),Zweitstimme,1911
Bundestagswahl,1961-09-17,Gesamt,SPD,Sozialdemokratische Partei Deutschlands (SPD),Zweitstimme,1155
Bundestagswahl,1961-09-17,Gesamt,FDP,Freie Demokratische Partei (FDP),Zweitstimme,385
Bundestagswahl,1961-09-17,Gesamt,GDP,Gesamtdeutsche Partei (DP-BHE) (GDP),Zweitstimme,209
Bundestagswahl,1961-09-17,Gesamt,DG-PARTEI,Deutsche Gemeinschaft (DG),Zweitstimme,7
Bundestagswahl,1961-09-17,Gesamt,DFU,Deutsche Friedens-Union (DFU),Zweitstimme,79
Bundestagswahl,1961-09-17,Gesamt,DRP,Deutsche Reichs-Partei (DRP),Zweitstimme,20
Bundestagswahl,1965-09-19,Gesamt,CSU,Christlich-Soziale Union in Bayern e.V. (CSU),Zweitstimme,2300
Bundestagswahl,1965-09-19,Gesamt,SPD,Sozialdemokratische Partei Deutschlands (SPD),Zweitstimme,1607
Bundestagswahl,1965-09-19,Gesamt,FDP,Freie Demokratische Partei (FDP),Zweitstimme,529
Bundestagswahl,1965-09-19,Gesamt,NPD,Nationaldemokratische Partei Deutschlands (NPD),Zweitstimme,119
Bundestagswahl,1965-09-19,Gesamt,AUD,Aktionsgemeinschaft Unabhängiger Deutscher (AUD),Zweitstimme,13
Bundestagswahl,1965-09-19,Gesamt,DFU,Deutsche Friedens-Union (DFU),Zweitstimme,55
Bundestagswahl,1969-09-28,Gesamt,CSU,Christlich-Soziale Union in Bayern e.V. (CSU),Zweitstimme,2682
Bundestagswahl,1969-09-28,Gesamt,SPD,Sozialdemokratische Partei Deutschlands (SPD),Zweitstimme,2250
Bundestagswahl,1969-09-28,Gesamt,FDP,Freie Demokratische Partei (FDP),Zweitstimme,439
Bundestagswahl,1969-09-28,Gesamt,BP,Bayernpartei (BP),Zweitstimme,92
Bundestagswahl,1969-09-28,Gesamt,NPD,Nationaldemokratische Partei Deutschlands (NPD),Zweitstimme,265
Bundestagswahl,1969-09-28,Gesamt,ADF,Aktion Demokratischer Fortschritt (ADF),Zweitstimme,17
Bundestagswahl,1969-09-28,Gesamt,EP,Europa Partei (EP),Zweitstimme,16
Bundestagswahl,1969-09-28,Gesamt,FSU,Freisoziale Union - Demokratische Mitte (FSU),Zweitstimme,1
Bundestagswahl,1969-09-28,Gesamt,GPD,Gesamtdeutsche Partei (GPD),Zweitstimme,7
Bundestagswahl,1972-11-19,Gesamt,CSU,Christlich-Soziale Union in Bayern e.V. (CSU),Zweitstimme,4081
Bundestagswahl,1972-11-19,Gesamt,SPD,Sozialdemokratische Partei Deutschlands (SPD),Zweitstimme,2762
Bundestagswahl,1972-11-19,Gesamt,FDP,Freie Demokratische Partei (FDP),Zweitstimme,1044
Bundestagswahl,1972-11-19,Gesamt,NPD,Nationaldemokratische Partei Deutschlands (NPD),Zweitstimme,40
Bundestagswahl,1972-11-19,Gesamt,DKP,Deutsche Kommunistische Partei (DKP),Zweitstimme,6
Bundestagswahl,1972-11-19,Gesamt,EFP,Europäische Föderalistische Partei Bayerns,Zweitstimme,8
Bundestagswahl,1976-10-03,Gesamt,CSU,Christlich-Soziale Union in Bayern e.V. (CSU),Zweitstimme,5600
Bundestagswahl,1976-10-03,Gesamt,SPD,Sozialdemokratische Partei Deutschlands (SPD),Zweitstimme,2795
Bundestagswahl,1976-10-03,Gesamt,FDP,Freie Demokratische Partei (FDP),Zweitstimme,1414
Bundestagswahl,1976-10-03,Gesamt,NPD,Nationaldemokratische Partei Deutschlands (NPD),Zweitstimme,25
Bundestagswahl,1976-10-03,Gesamt,DKP,Deutsche Kommunistische Partei (DKP),Zweitstimme,17
Bundestagswahl,1976-10-03,Gesamt,AUD,Aktionsgemeinschaft Unabhängiger Deutscher (AUD),Zweitstimme,5
Bundestagswahl,1976-10-03,Gesamt,KPD-NEU,Kommunistische Partei Deutschlands (KPD) (gegründet am 28.02.1970),Zweitstimme,10
Bundestagswahl,1976-10-03,Gesamt,CBV,Christliche Bayerische Volkspartei (C.B.V.),Zweitstimme,13
Bundestagswahl,1976-10-03,Gesamt,EAP,Europäische Arbeiterpartei (EAP),Zweitstimme,2
Bundestagswahl,1976-10-03,Gesamt,5PROZENTBL,5%-BLOCK Partei (5%-BLOCK),Zweitstimme,3
Bundestagswahl,1976-10-03,Gesamt,AVP,Aktionsgemeinschaft Vierte Partei (AVP),Zweitstimme,10
Bundestagswahl,1980-10-05,Gesamt,CSU,Christlich-Soziale Union in Bayern e.V. (CSU),Zweitstimme,5665
Bundestagswahl,1980-10-05,Gesamt,SPD,Sozialdemokratische Partei Deutschlands (SPD),Zweitstimme,3001
Bundestagswahl,1980-10-05,Gesamt,FDP,Freie Demokratische Partei (FDP),Zweitstimme,2152
Bundestagswahl,1980-10-05,Gesamt,GRUENE,BÜNDNIS 90/DIE GRÜNEN (GRÜNE),Zweitstimme,211
Bundestagswahl,1980-10-05,Gesamt,NPD,Nationaldemokratische Partei Deutschlands (NPD),Zweitstimme,10
Bundestagswahl,1980-10-05,Gesamt,DKP,Deutsche Kommunistische Partei (DKP),Zweitstimme,6
Bundestagswahl,1980-10-05,Gesamt,CBV,Christliche Bayerische Volkspartei (C.B.V.),Zweitstimme,6
Bundestagswahl,1980-10-05,Gesamt,EAP,Europäische Arbeiterpartei (EAP),Zweitstimme,2
Bundestagswahl,1980-10-05,Gesamt,V,Volksfront (V),Zweitstimme,1
Bundestagswahl,1980-10-05,Gesamt,KBW,Kommunistischer Bund Westdeutschland (KBW),Zweitstimme,1
Bundestagswahl,1980-10-05,Gesamt,BGP,Bürgerpartei,Zweitstimme,10
Bundestagswahl,1983-03-06,Gesamt,CSU,Christlich-Soziale Union in Bayern e.V. (CSU),Zweitstimme,5964
Bundestagswahl,1983-03-06,Gesamt,SPD,Sozialdemokratische Partei Deutschlands (SPD),Zweitstimme,3089
Bundestagswahl,1983-03-06,Gesamt,FDP,Freie Demokratische Partei (FDP),Zweitstimme,1729
Bundestagswahl,1983-03-06,Gesamt,GRUENE,BÜNDNIS 90/DIE GRÜNEN (GRÜNE),Zweitstimme,824
Bundestagswahl,1983-03-06,Gesamt,OEDP,Ökologisch-Demokratische Partei (ÖDP),Zweitstimme,27
Bundestagswahl,1983-03-06,Gesamt,NPD,Nationaldemokratische Partei Deutschlands (NPD),Zweitstimme,9
Bundestagswahl,1983-03-06,Gesamt,DKP,Deutsche Kommunistische Partei (DKP),Zweitstimme,4
Bundestagswahl,1983-03-06,Gesamt,CBV,Christliche Bayerische Volkspartei (C.B.V.),Zweitstimme,5
Bundestagswahl,1983-03-06,Gesamt,EAP,Europäische Arbeiterpartei (EAP),Zweitstimme,1
Bundestagswahl,1987-01-25,Gesamt,CSU,Christlich-Soziale Union in Bayern e.V. (CSU),Zweitstimme,5771
Bundestagswahl,1987-01-25,Gesamt,SPD,Sozialdemokratische Partei Deutschlands (SPD),Zweitstimme,2488
Bundestagswahl,1987-01-25,Gesamt,FDP,Freie Demokratische Partei (FDP),Zweitstimme,2163
Bundestagswahl,1987-01-25,Gesamt,GRUENE,BÜNDNIS 90/DIE GRÜNEN (GRÜNE),Zweitstimme,1352
Bundestagswahl,1987-01-25,Gesamt,OEDP,Ökologisch-Demokratische Partei (ÖDP),Zweitstimme,139
Bundestagswahl,1987-01-25,Gesamt,BP,Bayernpartei (BP),Zweitstimme,55
Bundestagswahl,1987-01-25,Gesamt,NPD,Nationaldemokratische Partei Deutschlands (NPD),Zweitstimme,47
Bundestagswahl,1987-01-25,Gesamt,MLPD,Marxistisch-Leninistische Partei Deutschlands,Zweitstimme,1
Bundestagswahl,1987-01-25,Gesamt,BUESO,Bürgerrechtsbewegung Solidarität (BüSo),Zweitstimme,4
Bundestagswahl,1987-01-25,Gesamt,CBV,Christliche Bayerische Volkspartei (C.B.V.),Zweitstimme,2
Bundestagswahl,1987-01-25,Gesamt,MUENDIGEBUER,Die Mündigen Bürger (Mündige Bürger),Zweitstimme,14
Bundestagswahl,1987-01-25,Gesamt,FRAUEN,FRAUENPARTEI (FRAUEN),Zweitstimme,24
Bundestagswahl,1990-12-02,Gesamt,CSU,Christlich-Soziale Union in Bayern e.V. (CSU),Zweitstimme,5477
Bundestagswahl,1990-12-02,Gesamt,SPD,Sozialdemokratische Partei Deutschlands (SPD),Zweitstimme,2700
Bundestagswahl,1990-12-02,Gesamt,FDP,Freie Demokratische Partei (FDP),Zweitstimme,2216
Bundestagswahl,1990-12-02,Gesamt,GRUENE,BÜNDNIS 90/DIE GRÜNEN (GRÜNE),Zweitstimme,757
Bundestagswahl,1990-12-02,Gesamt,DIELINKE,DIE LINKE (DIE LINKE),Zweitstimme,34
Bundestagswahl,1990-12-02,Gesamt,OEDP,Ökologisch-Demokratische Partei (ÖDP),Zweitstimme,138
Bundestagswahl,1990-12-02,Gesamt,BP,Bayernpartei (BP),Zweitstimme,56
Bundestagswahl,1990-12-02,Gesamt,NPD,Nationaldemokratische Partei Deutschlands (NPD),Zweitstimme,21
Bundestagswahl,1990-12-02,Gesamt,BUESO,Bürgerrechtsbewegung Solidarität (BüSo),Zweitstimme,2
Bundestagswahl,1990-12-02,Gesamt,REP,DIE REPUBLIKANER (REP),Zweitstimme,282
Bundestagswahl,1990-12-02,Gesamt,CM,CHRISTLICHE MITTE - Für ein Deutschland nach GOTTES Geboten (CM),Zweitstimme,5
Bundestagswahl,1990-12-02,Gesamt,GRAUE,DIE GRAUEN - Graue Panther (GRAUE),Zweitstimme,119
Bundestagswahl,1990-12-02,Gesamt,LIGA,CHRISTLICHE LIGA Die Partei für das Leben (LIGA),Zweitstimme,17
Bundestagswahl,1994-10-16,Gesamt,CSU,Christlich-Soziale Union in Bayern e.V. (CSU),Zweitstimme,5944
Bundestagswahl,1994-10-16,Gesamt,SPD,Sozialdemokratische Partei Deutschlands (SPD),Zweitstimme,2853
Bundestagswahl,1994-10-16,Gesamt,FDP,Freie Demokratische Partei (FDP),Zweitstimme,1711
Bundestagswahl,1994-10-16,Gesamt,GRUENE,BÜNDNIS 90/DIE GRÜNEN (GRÜNE),Zweitstimme,1010
Bundestagswahl,1994-10-16,Gesamt,DIELINKE,DIE LINKE (DIE LINKE),Zweitstimme,63
Bundestagswahl,1994-10-16,Gesamt,OEDP,Ökologisch-Demokratische Partei (ÖDP),Zweitstimme,164
Bundestagswahl,1994-10-16,Gesamt,TIERSCHUTZ,PARTEI MENSCH UMWELT TIERSCHUTZ (Tierschutzpartei),Zweitstimme,49
Bundestagswahl,1994-10-16,Gesamt,BP,Bayernpartei (BP),Zweitstimme,55
Bundestagswahl,1994-10-16,Gesamt,BUESO,Bürgerrechtsbewegung Solidarität (BüSo),Zweitstimme,8
Bundestagswahl,1994-10-16,Gesamt,REP,DIE REPUBLIKANER (REP),Zweitstimme,165
Bundestagswahl,1994-10-16,Gesamt,PBC,Partei Bibeltreuer Christen (PBC),Zweitstimme,10
Bundestagswahl,1994-10-16,Gesamt,CM,CHRISTLICHE MITTE - Für ein Deutschland nach GOTTES Geboten (CM),Zweitstimme,5
Bundestagswahl,1994-10-16,Gesamt,GRAUE,DIE GRAUEN - Graue Panther (GRAUE),Zweitstimme,34
Bundestagswahl,1994-10-16,Gesamt,LIGA,CHRISTLICHE LIGA Die Partei für das Leben (LIGA),Zweitstimme,5
Bundestagswahl,1994-10-16,Gesamt,NATURGESETZ,"NATURGESETZ PARTEI, AUFBRUCH ZU NEUEM BEWUSSTSEIN",Zweitstimme,10
Bundestagswahl,1994-10-16,Gesamt,STATTPARTEI,STATT Partei DIE UNABHÄNGIGEN (STATT Partei),Zweitstimme,29
Bundestagswahl,1998-09-27,Gesamt,CSU,Christlich-Soziale Union in Bayern e.V. (CSU),Zweitstimme,6234
Bundestagswahl,1998-09-27,Gesamt,SPD,Sozialdemokratische Partei Deutschlands (SPD),Zweitstimme,3636
Bundestagswahl,1998-09-27,Gesamt,FDP,Freie Demokratische Partei (FDP),Zweitstimme,1360
Bundestagswahl,1998-09-27,Gesamt,GRUENE,BÜNDNIS 90/DIE GRÜNEN (GRÜNE),Zweitstimme,965
Bundestagswahl,1998-09-27,Gesamt,DIELINKE,DIE LINKE (DIE LINKE),Zweitstimme,86
Bundestagswahl,1998-09-27,Gesamt,OEDP,Ökologisch-Demokratische Partei (ÖDP),Zweitstimme,100
Bundestagswahl,1998-09-27,Gesamt,TIERSCHUTZ,PARTEI MENSCH UMWELT TIERSCHUTZ (Tierschutzpartei),Zweitstimme,29
Bundestagswahl,1998-09-27,Gesamt,BP,Bayernpartei (BP),Zweitstimme,33
Bundestagswahl,1998-09-27,Gesamt,NPD,Nationaldemokratische Partei Deutschlands (NPD),Zweitstimme,8
Bundestagswahl,1998-09-27,Gesamt,BUESO,Bürgerrechtsbewegung Solidarität (BüSo),Zweitstimme,1
Bundestagswahl,1998-09-27,Gesamt,REP,DIE REPUBLIKANER (REP),Zweitstimme,139
Bundestagswahl,1998-09-27,Gesamt,DIEFRAUEN,Feministische Partei DIE FRAUEN (DIE FRAUEN),Zweitstimme,11
Bundestagswahl,1998-09-27,Gesamt,PBC,Partei Bibeltreuer Christen (PBC),Zweitstimme,8
Bundestagswahl,1998-09-27,Gesamt,CM,CHRISTLICHE MITTE - Für ein Deutschland nach GOTTES Geboten (CM),Zweitstimme,5
Bundestagswahl,1998-09-27,Gesamt,DVU,DEUTSCHE VOLKSUNION (DVU),Zweitstimme,44
Bundestagswahl,1998-09-27,Gesamt,GRAUE,DIE GRAUEN - Graue Panther (GRAUE),Zweitstimme,34
Bundestagswahl,1998-09-27,Gesamt,NATURGESETZ,"NATURGESETZ PARTEI, AUFBRUCH ZU NEUEM BEWUSSTSEIN",Zweitstimme,8
Bundestagswahl,1998-09-27,Gesamt,BFB,"BUND FREIER BÜRGER - OFFENSIVE FÜR DEUTSCHLAND, Die Freiheitlichen",Zweitstimme,101
Bundestagswahl,1998-09-27,Gesamt,APPD,Anarchistische Pogo-Partei Deutschlands (APPD),Zweitstimme,9
Bundestagswahl,1998-09-27,Gesamt,CHANCE,CHANCE 2000,Zweitstimme,7
Bundestagswahl,1998-09-27,Gesamt,PRODM,Initiative Pro D-Mark - neue liberale Partei -,Zweitstimme,33
Bundestagswahl,2002-09-22,Gesamt,CSU,Christlich-Soziale Union in Bayern e.V. (CSU),Zweitstimme,7394
Bundestagswahl,2002-09-22,Gesamt,SPD,Sozialdemokratische Partei Deutschlands (SPD),Zweitstimme,3122
Bundestagswahl,2002-09-22,Gesamt,FDP,Freie Demokratische Partei (FDP),Zweitstimme,1014
Bundestagswahl,2002-09-22,Gesamt,GRUENE,BÜNDNIS 90/DIE GRÜNEN (GRÜNE),Zweitstimme,1572
Bundestagswahl,2002-09-22,Gesamt,DIELINKE,DIE LINKE (DIE LINKE),Zweitstimme,71
Bundestagswahl,2002-09-22,Gesamt,OEDP,Ökologisch-Demokratische Partei (ÖDP),Zweitstimme,50
Bundestagswahl,2002-09-22,Gesamt,TIERSCHUTZ,PARTEI MENSCH UMWELT TIERSCHUTZ (Tierschutzpartei),Zweitstimme,38
Bundestagswahl,2002-09-22,Gesamt,BP,Bayernpartei (BP),Zweitstimme,20
Bundestagswahl,2002-09-22,Gesamt,NPD,Nationaldemokratische Partei Deutschlands (NPD),Zweitstimme,16
Bundestagswahl,2002-09-22,Gesamt,BUESO,Bürgerrechtsbewegung Solidarität (BüSo),Zweitstimme,3
Bundestagswahl,2002-09-22,Gesamt,REP,DIE REPUBLIKANER (REP),Zweitstimme,45
Bundestagswahl,2002-09-22,Gesamt,DIEFRAUEN,Feministische Partei DIE FRAUEN (DIE FRAUEN),Zweitstimme,8
Bundestagswahl,2002-09-22,Gesamt,PBC,Partei Bibeltreuer Christen (PBC),Zweitstimme,8
Bundestagswahl,2002-09-22,Gesamt,CM,CHRISTLICHE MITTE - Für ein Deutschland nach GOTTES Geboten (CM),Zweitstimme,5
Bundestagswahl,2002-09-22,Gesamt,GRAUE,DIE GRAUEN - Graue Panther (GRAUE),Zweitstimme,8
Bundestagswahl,2002-09-22,Gesamt,AUFBRUCH,"Aufbruch für Bürgerrechte, Freiheit und Gesundheit",Zweitstimme,4
Bundestagswahl,2002-09-22,Gesamt,SCHILL,Partei Rechtsstaatlicher Offensive (Schill),Zweitstimme,21
Bundestagswahl,2005-09-18,Gesamt,CSU,Christlich-Soziale Union in Bayern e.V. (CSU),Zweitstimme,6196
Bundestagswahl,2005-09-18,Gesamt,SPD,Sozialdemokratische Partei Deutschlands (SPD),Zweitstimme,2933
Bundestagswahl,2005-09-18,Gesamt,FDP,Freie Demokratische Partei (FDP),Zweitstimme,2037
Bundestagswahl,2005-09-18,Gesamt,GRUENE,BÜNDNIS 90/DIE GRÜNEN (GRÜNE),Zweitstimme,1381
Bundestagswahl,2005-09-18,Gesamt,DIELINKE,DIE LINKE (DIE LINKE),Zweitstimme,277
Bundestagswahl,2005-09-18,Gesamt,BP,Bayernpartei (BP),Zweitstimme,51
Bundestagswahl,2005-09-18,Gesamt,NPD,Nationaldemokratische Partei Deutschlands (NPD),Zweitstimme,72
Bundestagswahl,2005-09-18,Gesamt,MLPD,Marxistisch-Leninistische Partei Deutschlands,Zweitstimme,3
Bundestagswahl,2005-09-18,Gesamt,BUESO,Bürgerrechtsbewegung Solidarität (BüSo),Zweitstimme,7
Bundestagswahl,2005-09-18,Gesamt,REP,DIE REPUBLIKANER (REP),Zweitstimme,46
Bundestagswahl,2005-09-18,Gesamt,DIEFRAUEN,Feministische Partei DIE FRAUEN (DIE FRAUEN),Zweitstimme,23
Bundestagswahl,2005-09-18,Gesamt,FAMILIE,Familien-Partei Deutschlands (FAMILIE),Zweitstimme,69
Bundestagswahl,2005-09-18,Gesamt,PBC,Partei Bibeltreuer Christen (PBC),Zweitstimme,13
Bundestagswahl,2005-09-18,Gesamt,GRAUE,DIE GRAUEN - Graue Panther (GRAUE),Zweitstimme,37
Bundestagswahl,2009-09-27,Gesamt,CSU,Christlich-Soziale Union in Bayern e.V. (CSU),Zweitstimme,5402
Bundestagswahl,2009-09-27,Gesamt,SPD,Sozialdemokratische Partei Deutschlands (SPD),Zweitstimme,1959
Bundestagswahl,2009-09-27,Gesamt,FDP,Freie Demokratische Partei (FDP),Zweitstimme,2704
Bundestagswahl,2009-09-27,Gesamt,GRUENE,BÜNDNIS 90/DIE GRÜNEN (GRÜNE),Zweitstimme,1537
Bundestagswahl,2009-09-27,Gesamt,DIELINKE,DIE LINKE (DIE LINKE),Zweitstimme,454
Bundestagswahl,2009-09-27,Gesamt,OEDP,Ökologisch-Demokratische Partei (ÖDP),Zweitstimme,155
Bundestagswahl,2009-09-27,Gesamt,TIERSCHUTZ,PARTEI MENSCH UMWELT TIERSCHUTZ (Tierschutzpartei),Zweitstimme,55
Bundestagswahl,2009-09-27,Gesamt,BP,Bayernpartei (BP),Zweitstimme,71
Bundestagswahl,2009-09-27,Gesamt,PIRATEN,Piratenpartei Deutschland (PIRATEN),Zweitstimme,218
Bundestagswahl,2009-09-27,Gesamt,NPD,Nationaldemokratische Partei Deutschlands (NPD),Zweitstimme,44
Bundestagswahl,2009-09-27,Gesamt,BUESO,Bürgerrechtsbewegung Solidarität (BüSo),Zweitstimme,8
Bundestagswahl,2009-09-27,Gesamt,DIEVIOLETTEN,Die Violetten - für spirituelle Politik,Zweitstimme,25
Bundestagswahl,2009-09-27,Gesamt,REP,DIE REPUBLIKANER (REP),Zweitstimme,28
Bundestagswahl,2009-09-27,Gesamt,RRP,BÜNDNIS 21/RRP,Zweitstimme,82
Bundestagswahl,2009-09-27,Gesamt,FAMILIE,Familien-Partei Deutschlands (FAMILIE),Zweitstimme,54
Bundestagswahl,2009-09-27,Gesamt,PBC,Partei Bibeltreuer Christen (PBC),Zweitstimme,5
Bundestagswahl,2009-09-27,Gesamt,CM,CHRISTLICHE MITTE - Für ein Deutschland nach GOTTES Geboten (CM),Zweitstimme,5
Bundestagswahl,2009-09-27,Gesamt,DVU,DEUTSCHE VOLKSUNION (DVU),Zweitstimme,4
Bundestagswahl,2013-09-22,Gesamt,CSU,Christlich-Soziale Union in Bayern e.V. (CSU),Zweitstimme,6569
Bundestagswahl,2013-09-22,Gesamt,SPD,Sozialdemokratische Partei Deutschlands (SPD),Zweitstimme,2283
Bundestagswahl,2013-09-22,Gesamt,AFD,Alternative für Deutschland (AfD),Zweitstimme,700
Bundestagswahl,2013-09-22,Gesamt,FDP,Freie Demokratische Partei (FDP),Zweitstimme,1139
Bundestagswahl,2013-09-22,Gesamt,GRUENE,BÜNDNIS 90/DIE GRÜNEN (GRÜNE),Zweitstimme,1214
Bundestagswahl,2013-09-22,Gesamt,DIELINKE,DIE LINKE (DIE LINKE),Zweitstimme,305
Bundestagswahl,2013-09-22,Gesamt,FREIEWAEHLER,FREIE WÄHLER Bayern,Zweitstimme,288
Bundestagswahl,2013-09-22,Gesamt,OEDP,Ökologisch-Demokratische Partei (ÖDP),Zweitstimme,110
Bundestagswahl,2013-09-22,Gesamt,TIERSCHUTZ,PARTEI MENSCH UMWELT TIERSCHUTZ (Tierschutzpartei),Zweitstimme,72
Bundestagswahl,2013-09-22,Gesamt,BP,Bayernpartei (BP),Zweitstimme,98
Bundestagswahl,2013-09-22,Gesamt,PIRATEN,Piratenpartei Deutschland (PIRATEN),Zweitstimme,210
Bundestagswahl,2013-09-22,Gesamt,NPD,Nationaldemokratische Partei Deutschlands (NPD),Zweitstimme,27
Bundestagswahl,2013-09-22,Gesamt,MLPD,Marxistisch-Leninistische Partei Deutschlands,Zweitstimme,1
Bundestagswahl,2013-09-22,Gesamt,BUESO,Bürgerrechtsbewegung Solidarität (BüSo),Zweitstimme,4
Bundestagswahl,2013-09-22,Gesamt,DIEVIOLETTEN,Die Violetten - für spirituelle Politik,Zweitstimme,16
Bundestagswahl,2013-09-22,Gesamt,REP,DIE REPUBLIKANER (REP),Zweitstimme,28
Bundestagswahl,2013-09-22,Gesamt,RRP,BÜNDNIS 21/RRP,Zweitstimme,4
Bundestagswahl,2013-09-22,Gesamt,PRODEUTSCHLAND,Bürgerbewegung pro Deutschland (pro Deutschland),Zweitstimme,10
Bundestagswahl,2013-09-22,Gesamt,DIEFRAUEN,Feministische Partei DIE FRAUEN (DIE FRAUEN),Zweitstimme,20
Bundestagswahl,2013-09-22,Gesamt,VERNUNFT,Partei der Vernunft (PARTEI DER VERNUNFT),Zweitstimme,6
Bundestagswahl,2017-09-24,Gesamt,CSU,Christlich-Soziale Union in Bayern e.V. (CSU),Zweitstimme,5584
Bundestagswahl,2017-09-24,Gesamt,SPD,Sozialdemokratische Partei Deutschlands (SPD),Zweitstimme,1739
Bundestagswahl,2017-09-24,Gesamt,AFD,Alternative für Deutschland (AfD),Zweitstimme,1175
Bundestagswahl,2017-09-24,Gesamt,FDP,Freie Demokratische Partei (FDP),Zweitstimme,2440
Bundestagswahl,2017-09-24,Gesamt,GRUENE,BÜNDNIS 90/DIE GRÜNEN (GRÜNE),Zweitstimme,1805
Bundestagswahl,2017-09-24,Gesamt,DIELINKE,DIE LINKE (DIE LINKE),Zweitstimme,641
Bundestagswahl,2017-09-24,Gesamt,FREIEWAEHLER,FREIE WÄHLER Bayern,Zweitstimme,272
Bundestagswahl,2017-09-24,Gesamt,OEDP,Ökologisch-Demokratische Partei (ÖDP),Zweitstimme,115
Bundestagswahl,2017-09-24,Gesamt,TIERSCHUTZ,PARTEI MENSCH UMWELT TIERSCHUTZ (Tierschutzpartei),Zweitstimme,111
Bundestagswahl,2017-09-24,Gesamt,BP,Bayernpartei (BP),Zweitstimme,90
Bundestagswahl,2017-09-24,Gesamt,DIEPARTEI,"Partei für Arbeit, Rechtsstaat, Tierschutz, ... (Die PARTEI)",Zweitstimme,70
Bundestagswahl,2017-09-24,Gesamt,PIRATEN,Piratenpartei Deutschland (PIRATEN),Zweitstimme,36
Bundestagswahl,2017-09-24,Gesamt,NPD,Nationaldemokratische Partei Deutschlands (NPD),Zweitstimme,15
Bundestagswahl,2017-09-24,Gesamt,V-PARTEI,"V-Partei - Partei für Veränderung, Vegetarier und Veganer (V-Partei)",Zweitstimme,20
Bundestagswahl,2017-09-24,Gesamt,GESUNDHEIT,Partei für Gesundheitsforschung,Zweitstimme,11
Bundestagswahl,2017-09-24,Gesamt,MLPD,Marxistisch-Leninistische Partei Deutschlands,Zweitstimme,2
Bundestagswahl,2017-09-24,Gesamt,DKP,Deutsche Kommunistische Partei (DKP),Zweitstimme,1
Bundestagswahl,2017-09-24,Gesamt,BUESO,Bürgerrechtsbewegung Solidarität (BüSo),Zweitstimme,1
Bundestagswahl,2017-09-24,Gesamt,BGE,Bündnis Grundeinkommen - Die Grundeinkommenspartei,Zweitstimme,8
Bundestagswahl,2017-09-24,Gesamt,DIB,DEMOKRATIE IN BEWEGUNG,Zweitstimme,27
Bundestagswahl,2017-09-24,Gesamt,DEUTSCHEMITTE,Deutsche Mitte - Politik geht anders ...,Zweitstimme,12
Bundestagswahl,2021-09-26,Gesamt,CSU,Christlich-Soziale Union in Bayern e.V. (CSU),Zweitstimme,5162
Bundestagswahl,2021-09-26,Gesamt,SPD,Sozialdemokratische Partei Deutschlands (SPD),Zweitstimme,2354
Bundestagswahl,2021-09-26,Gesamt,AFD,Alternative für Deutschland (AfD),Zweitstimme,680
Bundestagswahl,2021-09-26,Gesamt,FDP,Freie Demokratische Partei (FDP),Zweitstimme,2370
Bundestagswahl,2021-09-26,Gesamt,GRUENE,BÜNDNIS 90/DIE GRÜNEN (GRÜNE),Zweitstimme,2762
Bundestagswahl,2021-09-26,Gesamt,DIELINKE,DIE LINKE (DIE LINKE),Zweitstimme,299
Bundestagswahl,2021-09-26,Gesamt,FREIEWAEHLER,FREIE WÄHLER Bayern,Zweitstimme,561
Bundestagswahl,2021-09-26,Gesamt,OEDP,Ökologisch-Demokratische Partei (ÖDP),Zweitstimme,82
Bundestagswahl,2021-09-26,Gesamt,TIERSCHUTZ,PARTEI MENSCH UMWELT TIERSCHUTZ (Tierschutzpartei),Zweitstimme,138
Bundestagswahl,2021-09-26,Gesamt,BP,Bayernpartei (BP),Zweitstimme,64
Bundestagswahl,2021-09-26,Gesamt,DIEPARTEI,"Partei für Arbeit, Rechtsstaat, Tierschutz, ... (Die PARTEI)",Zweitstimme,79
Bundestagswahl,2021-09-26,Gesamt,PIRATEN,Piratenpartei Deutschland (PIRATEN),Zweitstimme,34
Bundestagswahl,2021-09-26,Gesamt,NPD,Nationaldemokratische Partei Deutschlands (NPD),Zweitstimme,6
Bundestagswahl,2021-09-26,Gesamt,V-PARTEI,"V-Partei - Partei für Veränderung, Vegetarier und Veganer (V-Partei)",Zweitstimme,2
Bundestagswahl,2021-09-26,Gesamt,GESUNDHEIT,Partei für Gesundheitsforschung,Zweitstimme,13
Bundestagswahl,2021-09-26,Gesamt,MLPD,Marxistisch-Leninistische Partei Deutschlands,Zweitstimme,1
Bundestagswahl,2021-09-26,Gesamt,DKP,Deutsche Kommunistische Partei (DKP),Zweitstimme,1
Bundestagswahl,2021-09-26,Gesamt,DIEBASIS,Basisdemokratische Partei Deutschland,Zweitstimme,221
Bundestagswahl,2021-09-26,Gesamt,BUENDNISC,Bündnis C - Christen für Deutschland,Zweitstimme,9
Bundestagswahl,2021-09-26,Gesamt,WEGIII,DER DRITTE WEG,Zweitstimme,3
Bundestagswahl,2021-09-26,Gesamt,DIEURBANE,Die Urbane. Eine HipHop Partei,Zweitstimme,16
Bundestagswahl,2021-09-26,Gesamt,DIEHUMANISTEN,Partei der Humanisten (PdH),Zweitstimme,7
Bundestagswahl,2021-09-26,Gesamt,TEAMTODENHOEFER,Team Todenhöfer-Die Gerechtigkeitspartei,Zweitstimme,41
Bundestagswahl,2021-09-26,Gesamt,UNABHAENGIG,UNABHÄNGIGE für bürgernahe Demokratie,Zweitstimme,13
Bundestagswahl,2021-09-26,Gesamt,VOLT,Volt Deutschland,Zweitstimme,38
Europawahl,1979-06-10,Gesamt,CSU,Christlich-Soziale Union in Bayern e.V. (CSU),,4095
Europawahl,1979-06-10,Gesamt,SPD,Sozialdemokratische Partei Deutschlands (SPD),,1814
Europawahl,1979-06-10,Gesamt,GRUENE,BÜNDNIS 90/DIE GRÜNEN (GRÜNE),,422
Europawahl,1979-06-10,Gesamt,FDP,Freie Demokratische Partei (FDP),,905
Europawahl,1979-06-10,Gesamt,DKP,Deutsche Kommunistische Partei (DKP),,7
Europawahl,1979-06-10,Gesamt,ZENTRUM,Deutsche Zentrumspartei-Älteste Partei Deutschlands gegr.1870(ZENTRUM),,5
Europawahl,1979-06-10,Gesamt,CBV,Christliche Bayerische Volkspartei (C.B.V.),,20
Europawahl,1979-06-10,Gesamt,EAP,Europäische Arbeiterpartei (EAP),,12
Europawahl,1984-06-17,Gesamt,CSU,Christlich-Soziale Union in Bayern e.V. (CSU),,3391
Europawahl,1984-06-17,Gesamt,SPD,Sozialdemokratische Partei Deutschlands (SPD),,1527
Europawahl,1984-06-17,Gesamt,GRUENE,BÜNDNIS 90/DIE GRÜNEN (GRÜNE),,674
Europawahl,1984-06-17,Gesamt,FDP,Freie Demokratische Partei (FDP),,596
Europawahl,1984-06-17,Gesamt,OEDP,Ökologisch-Demokratische Partei (ÖDP),,86
Europawahl,1984-06-17,Gesamt,BP,Bayernpartei (BP),,51
Europawahl,1984-06-17,Gesamt,NPD,Nationaldemokratische Partei Deutschlands (NPD),,33
Europawahl,1984-06-17,Gesamt,ZENTRUM,Deutsche Zentrumspartei-Älteste Partei Deutschlands gegr.1870(ZENTRUM),,18
Europawahl,1984-06-17,Gesamt,EFP,Europäische Föderalistische Partei Bayerns,,12
Europawahl,1984-06-17,Gesamt,EAP,Europäische Arbeiterpartei (EAP),,10
Europawahl,1984-06-17,Gesamt,FRIEDEN,DIE FRIEDENSLISTE (FRIEDEN),,111
Europawahl,1984-06-17,Gesamt,MUENDIGEBUER,Die Mündigen Bürger (Mündige Bürger),,27
Europawahl,1984-06-17,Gesamt,FRAUEN,FRAUENPARTEI (FRAUEN),,37
Europawahl,1989-06-18,Gesamt,CSU,Christlich-Soziale Union in Bayern e.V. (CSU),,4249
Europawahl,1989-06-18,Gesamt,SPD,Sozialdemokratische Partei Deutschlands (SPD),,2185
Europawahl,1989-06-18,Gesamt,GRUENE,BÜNDNIS 90/DIE GRÜNEN (GRÜNE),,1141
Europawahl,1989-06-18,Gesamt,FDP,Freie Demokratische Partei (FDP),,899
Europawahl,1989-06-18,Gesamt,OEDP,Ökologisch-Demokratische Partei (ÖDP),,116
Europawahl,1989-06-18,Gesamt,BP,Bayernpartei (BP),,69
Europawahl,1989-06-18,Gesamt,DKP,Deutsche Kommunistische Partei (DKP),,6
Europawahl,1989-06-18,Gesamt,REP,DIE REPUBLIKANER (REP),,839
Europawahl,1989-06-18,Gesamt,CM,CHRISTLICHE MITTE - Für ein Deutschland nach GOTTES Geboten (CM),,11
Europawahl,1989-06-18,Gesamt,BUESO,Bürgerrechtsbewegung Solidarität (BüSo),,3
Europawahl,1989-06-18,Gesamt,DVU,DEUTSCHE VOLKSUNION (DVU),,52
Europawahl,1989-06-18,Gesamt,ZENTRUM,Deutsche Zentrumspartei-Älteste Partei Deutschlands gegr.1870(ZENTRUM),,8
Europawahl,1989-06-18,Gesamt,MUENDIGEBUER,Die Mündigen Bürger (Mündige Bürger),,6
Europawahl,1989-06-18,Gesamt,BSA,"Bund Sozialist. Arbeiter, dt. Sektion der Vierten Internationale (BSA)",,2
Europawahl,1989-06-18,Gesamt,LIGA,CHRISTLICHE LIGA Die Partei für das Leben (LIGA),,7
Europawahl,1989-06-18,Gesamt,OEKO-UNION,DEUTSCHE SOLIDARITÄT - Union für Umwelt- und Lebensschutz (ÖKO-UNION),,28
Europawahl,1989-06-18,Gesamt,FAP,Freiheitliche Deutsche Arbeiterpartei (FAP),,5
Europawahl,1989-06-18,Gesamt,ARB,Für das Europa der Arbeitnehmer/innen und der Demokratie,,2
Europawahl,1989-06-18,Gesamt,HP,Humanistische Partei (HP),,8
Europawahl,1989-06-18,Gesamt,BEWUSSTSEIN,Neues Bewußtsein die ganzheitl.-esot. Partei Deutschlands (Bewußtsein),,13
Europawahl,1994-06-12,Gesamt,CSU,Christlich-Soziale Union in Bayern e.V. (CSU),,4278
Europawahl,1994-06-12,Gesamt,SPD,Sozialdemokratische Partei Deutschlands (SPD),,1726
Europawahl,1994-06-12,Gesamt,GRUENE,BÜNDNIS 90/DIE GRÜNEN (GRÜNE),,1083
Europawahl,1994-06-12,Gesamt,FDP,Freie Demokratische Partei (FDP),,675
Europawahl,1994-06-12,Gesamt,DIELINKE,DIE LINKE (DIE LINKE),,37
Europawahl,1994-06-12,Gesamt,OEDP,Ökologisch-Demokratische Partei (ÖDP),,188
Europawahl,1994-06-12,Gesamt,BP,Bayernpartei (BP),,99
Europawahl,1994-06-12,Gesamt,NPD,Nationaldemokratische Partei Deutschlands (NPD),,1
Europawahl,1994-06-12,Gesamt,GRAUE,DIE GRAUEN - Graue Panther (GRAUE),,53
Europawahl,1994-06-12,Gesamt,REP,DIE REPUBLIKANER (REP),,311
Europawahl,1994-06-12,Gesamt,PBC,Partei Bibeltreuer Christen (PBC),,14
Europawahl,1994-06-12,Gesamt,CM,CHRISTLICHE MITTE - Für ein Deutschland nach GOTTES Geboten (CM),,15
Europawahl,1994-06-12,Gesamt,BUESO,Bürgerrechtsbewegung Solidarität (BüSo),,7
Europawahl,1994-06-12,Gesamt,LIGA,CHRISTLICHE LIGA Die Partei für das Leben (LIGA),,6
Europawahl,1994-06-12,Gesamt,APD,AUTOFAHER-und BÜRGERINTERESSEN PARTEI DEUTSCHLANDS,,62
Europawahl,1994-06-12,Gesamt,BFB,"BUND FREIER BÜRGER - OFFENSIVE FÜR DEUTSCHLAND, Die Freiheitlichen",,339
Europawahl,1994-06-12,Gesamt,DSU,Deutsche Soziale Union (DSU),,5
Europawahl,1994-06-12,Gesamt,NATURGESETZ,"NATURGESETZ PARTEI, AUFBRUCH ZU NEUEM BEWUSSTSEIN",,20
Europawahl,1994-06-12,Gesamt,AUTONOME,Die Unregierbaren - Autonome Liste,,9
Europawahl,1994-06-12,Gesamt,FORUM,NEUES FORUM (FORUM),,14
Europawahl,1994-06-12,Gesamt,PASS,Partei der Arbeitslosen und Sozial Schwachen,,7
Europawahl,1994-06-12,Gesamt,PEAD,Plattform Europa der ArbeitnehmerInnen und Demokratie,,3
Europawahl,1994-06-12,Gesamt,STATTPARTEI,STATT Partei DIE UNABHÄNGIGEN (STATT Partei),,40
Europawahl,1999-06-13,Gesamt,CSU,Christlich-Soziale Union in Bayern e.V. (CSU),,5011
Europawahl,1999-06-13,Gesamt,SPD,Sozialdemokratische Partei Deutschlands (SPD),,1439
Europawahl,1999-06-13,Gesamt,GRUENE,BÜNDNIS 90/DIE GRÜNEN (GRÜNE),,667
Europawahl,1999-06-13,Gesamt,FDP,Freie Demokratische Partei (FDP),,311
Europawahl,1999-06-13,Gesamt,DIELINKE,DIE LINKE (DIE LINKE),,67
Europawahl,1999-06-13,Gesamt,OEDP,Ökologisch-Demokratische Partei (ÖDP),,117
Europawahl,1999-06-13,Gesamt,BP,Bayernpartei (BP),,15
Europawahl,1999-06-13,Gesamt,TIERSCHUTZ,PARTEI MENSCH UMWELT TIERSCHUTZ (Tierschutzpartei),,48
Europawahl,1999-06-13,Gesamt,NPD,Nationaldemokratische Partei Deutschlands (NPD),,5
Europawahl,1999-06-13,Gesamt,DIEFRAUEN,Feministische Partei DIE FRAUEN (DIE FRAUEN),,13
Europawahl,1999-06-13,Gesamt,GRAUE,DIE GRAUEN - Graue Panther (GRAUE),,26
Europawahl,1999-06-13,Gesamt,REP,DIE REPUBLIKANER (REP),,88
Europawahl,1999-06-13,Gesamt,PBC,Partei Bibeltreuer Christen (PBC),,10
Europawahl,1999-06-13,Gesamt,CM,CHRISTLICHE MITTE - Für ein Deutschland nach GOTTES Geboten (CM),,8
Europawahl,1999-06-13,Gesamt,BUESO,Bürgerrechtsbewegung Solidarität (BüSo),,2
Europawahl,1999-06-13,Gesamt,HP,Humanistische Partei (HP),,1
Europawahl,1999-06-13,Gesamt,APD,AUTOFAHER-und BÜRGERINTERESSEN PARTEI DEUTSCHLANDS,,6
Europawahl,1999-06-13,Gesamt,NATURGESETZ,"NATURGESETZ PARTEI, AUFBRUCH ZU NEUEM BEWUSSTSEIN",,6
Europawahl,1999-06-13,Gesamt,PASS,Partei der Arbeitslosen und Sozial Schwachen,,4
Europawahl,1999-06-13,Gesamt,ASP,Automobile-Steuerzahler-Partei (ASP),,9
Europawahl,2004-06-13,Gesamt,CSU,Christlich-Soziale Union in Bayern e.V. (CSU),,4337
Europawahl,2004-06-13,Gesamt,SPD,Sozialdemokratische Partei Deutschlands (SPD),,1027
Europawahl,2004-06-13,Gesamt,GRUENE,BÜNDNIS 90/DIE GRÜNEN (GRÜNE),,1185
Europawahl,2004-06-13,Gesamt,FDP,Freie Demokratische Partei (FDP),,463
Europawahl,2004-06-13,Gesamt,DIELINKE,DIE LINKE (DIE LINKE),,60
Europawahl,2004-06-13,Gesamt,OEDP,Ökologisch-Demokratische Partei (ÖDP),,186
Europawahl,2004-06-13,Gesamt,BP,Bayernpartei (BP),,56
Europawahl,2004-06-13,Gesamt,TIERSCHUTZ,PARTEI MENSCH UMWELT TIERSCHUTZ (Tierschutzpartei),,50
Europawahl,2004-06-13,Gesamt,NPD,Nationaldemokratische Partei Deutschlands (NPD),,23
Europawahl,2004-06-13,Gesamt,FAMILIE,Familien-Partei Deutschlands (FAMILIE),,36
Europawahl,2004-06-13,Gesamt,DEUTSCHLAND,Ab jetzt& Demokratie durch Volksabstimmung - Politik für die Menschen,,23
Europawahl,2004-06-13,Gesamt,DKP,Deutsche Kommunistische Partei (DKP),,4
Europawahl,2004-06-13,Gesamt,PSG,"Partei für Soziale Gleichheit, Sektion der 4.Int.",,2
Europawahl,2004-06-13,Gesamt,DIEFRAUEN,Feministische Partei DIE FRAUEN (DIE FRAUEN),,16
Europawahl,2004-06-13,Gesamt,GRAUE,DIE GRAUEN - Graue Panther (GRAUE),,57
Europawahl,2004-06-13,Gesamt,REP,DIE REPUBLIKANER (REP),,63
Europawahl,2004-06-13,Gesamt,PBC,Partei Bibeltreuer Christen (PBC),,16
Europawahl,2004-06-13,Gesamt,CM,CHRISTLICHE MITTE - Für ein Deutschland nach GOTTES Geboten (CM),,12
Europawahl,2004-06-13,Gesamt,BUESO,Bürgerrechtsbewegung Solidarität (BüSo),,4
Europawahl,2004-06-13,Gesamt,AUFBRUCH,"Aufbruch für Bürgerrechte, Freiheit und Gesundheit",,13
Europawahl,2004-06-13,Gesamt,ZENTRUM,Deutsche Zentrumspartei-Älteste Partei Deutschlands gegr.1870(ZENTRUM),,3
Europawahl,2004-06-13,Gesamt,UNABHKAND,Aktion unabhängige Kandidaten,,9
Europawahl,2004-06-13,Gesamt,DP,Deutsche Partei (DP),,6
Europawahl,2009-06-07,Gesamt,CSU,Christlich-Soziale Union in Bayern e.V. (CSU),,4309
Europawahl,2009-06-07,Gesamt,SPD,Sozialdemokratische Partei Deutschlands (SPD),,970
Europawahl,2009-06-07,Gesamt,GRUENE,BÜNDNIS 90/DIE GRÜNEN (GRÜNE),,1243
Europawahl,2009-06-07,Gesamt,FREIEWAEHLER,FREIE WÄHLER Bayern,,379
Europawahl,2009-06-07,Gesamt,FDP,Freie Demokratische Partei (FDP),,1080
Europawahl,2009-06-07,Gesamt,DIELINKE,DIE LINKE (DIE LINKE),,134
Europawahl,2009-06-07,Gesamt,OEDP,Ökologisch-Demokratische Partei (ÖDP),,150
Europawahl,2009-06-07,Gesamt,BP,Bayernpartei (BP),,61
Europawahl,2009-06-07,Gesamt,PIRATEN,Piratenpartei Deutschland (PIRATEN),,44
Europawahl,2009-06-07,Gesamt,TIERSCHUTZ,PARTEI MENSCH UMWELT TIERSCHUTZ (Tierschutzpartei),,66
Europawahl,2009-06-07,Gesamt,FAMILIE,Familien-Partei Deutschlands (FAMILIE),,16
Europawahl,2009-06-07,Gesamt,DEUTSCHLAND,Ab jetzt& Demokratie durch Volksabstimmung - Politik für die Menschen,,12
Europawahl,2009-06-07,Gesamt,DKP,Deutsche Kommunistische Partei (DKP),,2
Europawahl,2009-06-07,Gesamt,DIEGRAUEN,DIE GRAUEN - Generationspartei (DIE GRAUEN),,9
Europawahl,2009-06-07,Gesamt,DIEVIOLETTEN,Die Violetten - für spirituelle Politik,,17
Europawahl,2009-06-07,Gesamt,DIEFRAUEN,Feministische Partei DIE FRAUEN (DIE FRAUEN),,7
Europawahl,2009-06-07,Gesamt,REP,DIE REPUBLIKANER (REP),,34
Europawahl,2009-06-07,Gesamt,PBC,Partei Bibeltreuer Christen (PBC),,9
Europawahl,2009-06-07,Gesamt,CM,CHRISTLICHE MITTE - Für ein Deutschland nach GOTTES Geboten (CM),,7
Europawahl,2009-06-07,Gesamt,AUF,"AUF - Partei für Arbeit, Umwelt und Familie, Christen für Dtl. (AUF)",,6
Europawahl,2009-06-07,Gesamt,BUESO,Bürgerrechtsbewegung Solidarität (BüSo),,4
Europawahl,2009-06-07,Gesamt,AUFBRUCH,"Aufbruch für Bürgerrechte, Freiheit und Gesundheit",,14
Europawahl,2009-06-07,Gesamt,50PLUS,50Plus Das Generationen-Bündnis (50Plus),,14
Europawahl,2009-06-07,Gesamt,DVU,DEUTSCHE VOLKSUNION (DVU),,3
Europawahl,2009-06-07,Gesamt,EDE,Europa - Demokratie - Esperanto (EDE),,4
Europawahl,2009-06-07,Gesamt,FBI,Freie Bürger-Initiative (FBI),,3
Europawahl,2009-06-07,Gesamt,VOLKSENTSCHEIDE,FÜR VOLKSENTSCHEIDE (Wählergemeinschaft) - Gerechtigkeit braucht ...,,11
Europawahl,2009-06-07,Gesamt,NEWROPEANS,Newropeans,,5
Europawahl,2009-06-07,Gesamt,RRP,BÜNDNIS 21/RRP,,37
Europawahl,2009-06-07,Gesamt,RENTNER1,Rentner-Partei-Deutschland (RENTNER),,37
Europawahl,2014-05-25,Gesamt,CSU,Christlich-Soziale Union in Bayern e.V. (CSU),,3405
Europawahl,2014-05-25,Gesamt,SPD,Sozialdemokratische Partei Deutschlands (SPD),,1578
Europawahl,2014-05-25,Gesamt,GRUENE,BÜNDNIS 90/DIE GRÜNEN (GRÜNE),,1197
Europawahl,2014-05-25,Gesamt,AFD,Alternative für Deutschland (AfD),,790
Europawahl,2014-05-25,Gesamt,FREIEWAEHLER,FREIE WÄHLER Bayern,,266
Europawahl,2014-05-25,Gesamt,FDP,Freie Demokratische Partei (FDP),,513
Europawahl,2014-05-25,Gesamt,DIELINKE,DIE LINKE (DIE LINKE),,149
Europawahl,2014-05-25,Gesamt,OEDP,Ökologisch-Demokratische Partei (ÖDP),,191
Europawahl,2014-05-25,Gesamt,BP,Bayernpartei (BP),,76
Europawahl,2014-05-25,Gesamt,PIRATEN,Piratenpartei Deutschland (PIRATEN),,83
Europawahl,2014-05-25,Gesamt,TIERSCHUTZ,PARTEI MENSCH UMWELT TIERSCHUTZ (Tierschutzpartei),,72
Europawahl,2014-05-25,Gesamt,NPD,Nationaldemokratische Partei Deutschlands (NPD),,12
Europawahl,2014-05-25,Gesamt,DIEPARTEI,"Partei für Arbeit, Rechtsstaat, Tierschutz, ... (Die PARTEI)",,35
Europawahl,2014-05-25,Gesamt,FAMILIE,Familien-Partei Deutschlands (FAMILIE),,19
Europawahl,2014-05-25,Gesamt,DEUTSCHLAND,Ab jetzt& Demokratie durch Volksabstimmung - Politik für die Menschen,,10
Europawahl,2014-05-25,Gesamt,DKP,Deutsche Kommunistische Partei (DKP),,2
Europawahl,2014-05-25,Gesamt,MLPD,Marxistisch-Leninistische Partei Deutschlands,,0
Europawahl,2014-05-25,Gesamt,PSG,"Partei für Soziale Gleichheit, Sektion der 4.Int.",,3
Europawahl,2014-05-25,Gesamt,REP,DIE REPUBLIKANER (REP),,12
Europawahl,2014-05-25,Gesamt,PBC,Partei Bibeltreuer Christen (PBC),,7
Europawahl,2014-05-25,Gesamt,CM,CHRISTLICHE MITTE - Für ein Deutschland nach GOTTES Geboten (CM),,8
Europawahl,2014-05-25,Gesamt,AUF,"AUF - Partei für Arbeit, Umwelt und Familie, Christen für Dtl. (AUF)",,32
Europawahl,2014-05-25,Gesamt,BUESO,Bürgerrechtsbewegung Solidarität (BüSo),,6
Europawahl,2014-05-25,Gesamt,PRONRW,Bürgerbewegung PRO NRW,,3
Europawahl,2019-05-26,Gesamt,CSU,Christlich-Soziale Union in Bayern e.V. (CSU),,5038
Europawahl,2019-05-26,Gesamt,SPD,Sozialdemokratische Partei Deutschlands (SPD),,1113
Europawahl,2019-05-26,Gesamt,GRUENE,BÜNDNIS 90/DIE GRÜNEN (GRÜNE),,2922
Europawahl,2019-05-26,Gesamt,AFD,Alternative für Deutschland (AfD),,705
Europawahl,2019-05-26,Gesamt,FREIEWAEHLER,FREIE WÄHLER Bayern,,463
Europawahl,2019-05-26,Gesamt,FDP,Freie Demokratische Partei (FDP),,637
Europawahl,2019-05-26,Gesamt,DIELINKE,DIE LINKE (DIE LINKE),,228
Europawahl,2019-05-26,Gesamt,OEDP,Ökologisch-Demokratische Partei (ÖDP),,364
Europawahl,2019-05-26,Gesamt,BP,Bayernpartei (BP),,71
Europawahl,2019-05-26,Gesamt,PIRATEN,Piratenpartei Deutschland (PIRATEN),,66
Europawahl,2019-05-26,Gesamt,TIERSCHUTZ,PARTEI MENSCH UMWELT TIERSCHUTZ (Tierschutzpartei),,146
Europawahl,2019-05-26,Gesamt,NPD,Nationaldemokratische Partei Deutschlands (NPD),,3
Europawahl,2019-05-26,Gesamt,DIEPARTEI,"Partei für Arbeit, Rechtsstaat, Tierschutz, ... (Die PARTEI)",,194
Europawahl,2019-05-26,Gesamt,FAMILIE,Familien-Partei Deutschlands (FAMILIE),,25
Europawahl,2019-05-26,Gesamt,DEUTSCHLAND,Ab jetzt& Demokratie durch Volksabstimmung - Politik für die Menschen,,2
Europawahl,2019-05-26,Gesamt,DKP,Deutsche Kommunistische Partei (DKP),,4
Europawahl,2019-05-26,Gesamt,MLPD,Marxistisch-Leninistische Partei Deutschlands,,1
Europawahl,2019-05-26,Gesamt,PSG,"Partei für Soziale Gleichheit, Sektion der 4.Int.",,1
Europawahl,2019-05-26,Gesamt,TIERSCHUTZ1,Aktion Partei für Tierschutz - DAS ORIGINAL,,27
Europawahl,2019-05-26,Gesamt,TIERSCHUTZ2,"Allianz für Menschenrechte, Tier- und Naturschutz",,12
Europawahl,2019-05-26,Gesamt,BUENDNISC,Bündnis C - Christen für Deutschland,,11
Europawahl,2019-05-26,Gesamt,BIG,Bündnis für Innovation & Gerechtigkeit,,5
Europawahl,2019-05-26,Gesamt,BGE,Bündnis Grundeinkommen - Die Grundeinkommenspartei,,5
Europawahl,2019-05-26,Gesamt,DIEDIREKTE,Demokratie DIREKT!,,7
Europawahl,2019-05-26,Gesamt,DIEM25,Demokratie in Europa - DiEM25,,44
Europawahl,2019-05-26,Gesamt,WEGIII,DER DRITTE WEG,,2
Europawahl,2019-05-26,Gesamt,DIEGRAUEN,DIE GRAUEN - Generationspartei (DIE GRAUEN),,9
Europawahl,2019-05-26,Gesamt,DIERECHTE,"DIE RECHTE - Partei für Volksabstimmung, Souveränität und Heimatschutz",,1
Europawahl,2019-05-26,Gesamt,DIEVIOLETTEN,Die Violetten - für spirituelle Politik,,6
Europawahl,2019-05-26,Gesamt,LIEBE,Europäische Partei LIEBE,,3
Europawahl,2019-05-26,Gesamt,DIEFRAUEN,Feministische Partei DIE FRAUEN (DIE FRAUEN),,9
Europawahl,2019-05-26,Gesamt,GRAUE,DIE GRAUEN - Graue Panther (GRAUE),,13
Europawahl,2019-05-26,Gesamt,LKR,Liberal-Konservative Reformer - Die EURO-Kritiker,,20
Europawahl,2019-05-26,Gesamt,MENSCHLICHEWELT,Menschliche Welt - f. d.Wohl u.Glücklichsein aller,,6
Europawahl,2019-05-26,Gesamt,NL,Neue Liberale - Die Sozialliberalen,,7
Europawahl,2019-05-26,Gesamt,OEKOLINX,Ökologische Linke,,0
Europawahl,2019-05-26,Gesamt,DIEHUMANISTEN,Partei der Humanisten (PdH),,9
Europawahl,2019-05-26,Gesamt,TIERPARTEI,PARTEI FÜR DIE TIERE DEUTSCHLAND,,12
Europawahl,2019-05-26,Gesamt,GESUNDHEIT,Partei für Gesundheitsforschung,,11
Europawahl,2019-05-26,Gesamt,VOLT,Volt Deutschland,,106
Europawahl,2024-06-09,Gesamt,CSU,Christlich-Soziale Union in Bayern e.V. (CSU),,5522
Europawahl,2024-06-09,Gesamt,SPD,Sozialdemokratische Partei Deutschlands (SPD),,1164
Europawahl,2024-06-09,Gesamt,GRUENE,BÜNDNIS 90/DIE GRÜNEN (GRÜNE),,2189
Europawahl,2024-06-09,Gesamt,AFD,Alternative für Deutschland (AfD),,986
Europawahl,2024-06-09,Gesamt,FREIEWAEHLER,FREIE WÄHLER Bayern,,527
Europawahl,2024-06-09,Gesamt,FDP,Freie Demokratische Partei (FDP),,926
Europawahl,2024-06-09,Gesamt,DIELINKE,DIE LINKE (DIE LINKE),,132
Europawahl,2024-06-09,Gesamt,OEDP,Ökologisch-Demokratische Partei (ÖDP),,249
Europawahl,2024-06-09,Gesamt,PIRATEN,Piratenpartei Deutschland (PIRATEN),,38
Europawahl,2024-06-09,Gesamt,TIERSCHUTZ,PARTEI MENSCH UMWELT TIERSCHUTZ (Tierschutzpartei),,159
Europawahl,2024-06-09,Gesamt,NPD,Nationaldemokratische Partei Deutschlands (NPD),,7
Europawahl,2024-06-09,Gesamt,DIEPARTEI,"Partei für Arbeit, Rechtsstaat, Tierschutz, ... (Die PARTEI)",,183
Europawahl,2024-06-09,Gesamt,FAMILIE,Familien-Partei Deutschlands (FAMILIE),,50
Europawahl,2024-06-09,Gesamt,DKP,Deutsche Kommunistische Partei (DKP),,1
Europawahl,2024-06-09,Gesamt,TIERSCHUTZ1,Aktion Partei für Tierschutz - DAS ORIGINAL,,27
Europawahl,2024-06-09,Gesamt,BUENDNISC,Bündnis C - Christen für Deutschland,,11
Europawahl,2024-06-09,Gesamt,BIG,Bündnis für Innovation & Gerechtigkeit,,2
Europawahl,2024-06-09,Gesamt,ABG,Aktion Bürger für Gerechtigkeit (ABG),,4
Europawahl,2024-06-09,Gesamt,DIEM25,Demokratie in Europa - DiEM25,,21
Europawahl,2024-06-09,Gesamt,BUENDNISD,BÜNDNIS DEUTSCHLAND (BUENDNISD),,51
Europawahl,2024-06-09,Gesamt,BSW,Bündnis Sahra Wagenknecht - Vernunft und Gerechtigkeit (BSW),,368
Europawahl,2024-06-09,Gesamt,DAVA,Demokratische Allianz für Vielfalt und Aufbruch (DAVA),,9
Europawahl,2024-06-09,Gesamt,KLIMALISTE,Klimaliste Deutschland (KLIMALISTE),,7
Europawahl,2024-06-09,Gesamt,LETZTGENERATION,Parlament aufmischen - Stimme d.letzten Generation (LETZTE GENERATION),,24
Europawahl,2024-06-09,Gesamt,DIEBASIS,Basisdemokratische Partei Deutschland,,41
Europawahl,2024-06-09,Gesamt,PDF,Partei des Fortschritts (PdF),,86
Europawahl,2024-06-09,Gesamt,VERNUNFT,Partei der Vernunft (PARTEI DER VERNUNFT),,6
Europawahl,2024-06-09,Gesamt,V-PARTEI,"V-Partei - Partei für Veränderung, Vegetarier und Veganer (V-Partei)",,15
Europawahl,2024-06-09,Gesamt,MENSCHLICHEWELT,Menschliche Welt - f. d.Wohl u.Glücklichsein aller,,14
Europawahl,2024-06-09,Gesamt,DIEHUMANISTEN,Partei der Humanisten (PdH),,33
Europawahl,2024-06-09,Gesamt,GESUNDHEIT,Partei für Gesundheitsforschung,,6
Europawahl,2024-06-09,Gesamt,VOLT,Volt Deutschland,,412
Landtagswahl,1946-12-01,Gesamt,CSU,Christlich-Soziale Union in Bayern e.V. (CSU),Zweitstimme,632
Landtagswahl,1946-12-01,Gesamt,SPD,Sozialdemokratische Partei Deutschlands (SPD),Zweitstimme,255
Landtagswahl,1946-12-01,Gesamt,FDP,Freie Demokratische Partei (FDP),Zweitstimme,46
Landtagswahl,1946-12-01,Gesamt,KPD-ALT,Kommunistische Partei Deutschlands (KPD) (verboten am 17.08.1956),Zweitstimme,61
Landtagswahl,1946-12-01,Gesamt,WAV,Wirtschaftliche Aufbau-Vereinigung (WAV),Zweitstimme,158
Landtagswahl,1950-11-26,Gesamt,CSU,Christlich-Soziale Union in Bayern e.V. (CSU),Zweitstimme,485
Landtagswahl,1950-11-26,Gesamt,SPD,Sozialdemokratische Partei Deutschlands (SPD),Zweitstimme,500
Landtagswahl,1950-11-26,Gesamt,FDP,Freie Demokratische Partei (FDP),Zweitstimme,107
Landtagswahl,1950-11-26,Gesamt,BP,Bayernpartei (BP),Zweitstimme,414
Landtagswahl,1950-11-26,Gesamt,KPD-ALT,Kommunistische Partei Deutschlands (KPD) (verboten am 17.08.1956),Zweitstimme,25
Landtagswahl,1950-11-26,Gesamt,BHE-DG,Dt. Gemeinschaftsblock der Heimatvertriebenen u. Entrechteten (BHE-DG),Zweitstimme,275
Landtagswahl,1950-11-26,Gesamt,DB,Der Deutsche Block,Zweitstimme,4
Landtagswahl,1950-11-26,Gesamt,KOEN,Königspartei,Zweitstimme,39
Landtagswahl,1950-11-26,Gesamt,VE,Vereinigung wirtschaftlich und politisch Entrechteter,Zweitstimme,6
Landtagswahl,1950-11-26,Gesamt,WKHE,Wahlblock d.Kriegsgesch.-Heimatvertrieb.-Entrecht.,Zweitstimme,33
Landtagswahl,1950-11-26,Gesamt,WAV,Wirtschaftliche Aufbau-Vereinigung (WAV),Zweitstimme,95
Landtagswahl,1954-11-28,Gesamt,CSU,Christlich-Soziale Union in Bayern e.V. (CSU),Zweitstimme,811
Landtagswahl,1954-11-28,Gesamt,SPD,Sozialdemokratische Partei Deutschlands (SPD),Zweitstimme,582
Landtagswahl,1954-11-28,Gesamt,FDP,Freie Demokratische Partei (FDP),Zweitstimme,141
Landtagswahl,1954-11-28,Gesamt,BP,Bayernpartei (BP),Zweitstimme,516
Landtagswahl,1954-11-28,Gesamt,GB-BHE,Gesamtdeutscher Block/Block der Heimatvertriebenen und Entrechteten,Zweitstimme,430
Landtagswahl,1954-11-28,Gesamt,BDD,"Bund der Deutschen Partei für Einheit, Frieden und Freiheit (BdD)",Zweitstimme,16
Landtagswahl,1954-11-28,Gesamt,KPD-ALT,Kommunistische Partei Deutschlands (KPD) (verboten am 17.08.1956),Zweitstimme,37
Landtagswahl,1954-11-28,Gesamt,VU,Vaterländische Union (VU),Zweitstimme,7
Landtagswahl,1954-11-28,Gesamt,BRBL,Bayerischer Rechtsblock (BRbl),Zweitstimme,4
Landtagswahl,1958-11-23,Gesamt,CSU,Christlich-Soziale Union in Bayern e.V. (CSU),Zweitstimme,969
Landtagswahl,1958-11-23,Gesamt,SPD,Sozialdemokratische Partei Deutschlands (SPD),Zweitstimme,760
Landtagswahl,1958-11-23,Gesamt,FDP,Freie Demokratische Partei (FDP),Zweitstimme,114
Landtagswahl,1958-11-23,Gesamt,BP,Bayernpartei (BP),Zweitstimme,330
Landtagswahl,1958-11-23,Gesamt,GB-BHE,Gesamtdeutscher Block/Block der Heimatvertriebenen und Entrechteten,Zweitstimme,374
Landtagswahl,1958-11-23,Gesamt,DG-PARTEI,Deutsche Gemeinschaft (DG),Zweitstimme,7
Landtagswahl,1958-11-23,Gesamt,DP,Deutsche Partei (DP),Zweitstimme,2
Landtagswahl,1958-11-23,Gesamt,DRP,Deutsche Reichs-Partei (DRP),Zweitstimme,24
Landtagswahl,1962-11-25,Gesamt,CSU,Christlich-Soziale Union in Bayern e.V. (CSU),Zweitstimme,1341
Landtagswahl,1962-11-25,Gesamt,SPD,Sozialdemokratische Partei Deutschlands (SPD),Zweitstimme,1285
Landtagswahl,1962-11-25,Gesamt,FDP,Freie Demokratische Partei (FDP),Zweitstimme,233
Landtagswahl,1962-11-25,Gesamt,BP,Bayernpartei (BP),Zweitstimme,222
Landtagswahl,1962-11-25,Gesamt,GDP,Gesamtdeutsche Partei (DP-BHE) (GDP),Zweitstimme,215
Landtagswahl,1962-11-25,Gesamt,DG-PARTEI,Deutsche Gemeinschaft (DG),Zweitstimme,9
Landtagswahl,1962-11-25,Gesamt,DFU,Deutsche Friedens-Union (DFU),Zweitstimme,29
Landtagswahl,1962-11-25,Gesamt,PFR,Parteifreie Wählerschaft (Pfr.),Zweitstimme,24
Landtagswahl,1966-11-20,Gesamt,CSU,Christlich-Soziale Union in Bayern e.V. (CSU),Zweitstimme,1775
Landtagswahl,1966-11-20,Gesamt,SPD,Sozialdemokratische Partei Deutschlands (SPD),Zweitstimme,1690
Landtagswahl,1966-11-20,Gesamt,FDP,Freie Demokratische Partei (FDP),Zweitstimme,394
Landtagswahl,1966-11-20,Gesamt,BP,Bayernpartei (BP),Zweitstimme,298
Landtagswahl,1966-11-20,Gesamt,NPD,Nationaldemokratische Partei Deutschlands (NPD),Zweitstimme,349
Landtagswahl,1970-11-22,Gesamt,CSU,Christlich-Soziale Union in Bayern e.V. (CSU),Zweitstimme,2803
Landtagswahl,1970-11-22,Gesamt,SPD,Sozialdemokratische Partei Deutschlands (SPD),Zweitstimme,1968
Landtagswahl,1970-11-22,Gesamt,FDP,Freie Demokratische Partei (FDP),Zweitstimme,695
Landtagswahl,1970-11-22,Gesamt,BP,Bayernpartei (BP),Zweitstimme,125
Landtagswahl,1970-11-22,Gesamt,NPD,Nationaldemokratische Partei Deutschlands (NPD),Zweitstimme,118
Landtagswahl,1970-11-22,Gesamt,DKP,Deutsche Kommunistische Partei (DKP),Zweitstimme,20
Landtagswahl,1970-11-22,Gesamt,EFP,Europäische Föderalistische Partei Bayerns,Zweitstimme,19
Landtagswahl,1974-10-27,Gesamt,CSU,Christlich-Soziale Union in Bayern e.V. (CSU),Zweitstimme,4725
Landtagswahl,1974-10-27,Gesamt,SPD,Sozialdemokratische Partei Deutschlands (SPD),Zweitstimme,2338
Landtagswahl,1974-10-27,Gesamt,FDP,Freie Demokratische Partei (FDP),Zweitstimme,975
Landtagswahl,1974-10-27,Gesamt,BP,Bayernpartei (BP),Zweitstimme,37
Landtagswahl,1974-10-27,Gesamt,NPD,Nationaldemokratische Partei Deutschlands (NPD),Zweitstimme,50
Landtagswahl,1974-10-27,Gesamt,DKP,Deutsche Kommunistische Partei (DKP),Zweitstimme,27
Landtagswahl,1974-10-27,Gesamt,KPD-NEU,Kommunistische Partei Deutschlands (KPD) (gegründet am 28.02.1970),Zweitstimme,3
Landtagswahl,1974-10-27,Gesamt,BSP,Bayerische Staatspartei (BSP),Zweitstimme,7
Landtagswahl,1978-10-15,Gesamt,CSU,Christlich-Soziale Union in Bayern e.V. (CSU),Zweitstimme,5020
Landtagswahl,1978-10-15,Gesamt,SPD,Sozialdemokratische Partei Deutschlands (SPD),Zweitstimme,2300
Landtagswahl,1978-10-15,Gesamt,FDP,Freie Demokratische Partei (FDP),Zweitstimme,1541
Landtagswahl,1978-10-15,Gesamt,BP,Bayernpartei (BP),Zweitstimme,36
Landtagswahl,1978-10-15,Gesamt,NPD,Nationaldemokratische Partei Deutschlands (NPD),Zweitstimme,21
Landtagswahl,1978-10-15,Gesamt,DKP,Deutsche Kommunistische Partei (DKP),Zweitstimme,17
Landtagswahl,1978-10-15,Gesamt,AUD,Aktionsgemeinschaft Unabhängiger Deutscher (AUD),Zweitstimme,264
Landtagswahl,1978-10-15,Gesamt,BSP,Bayerische Staatspartei (BSP),Zweitstimme,6
Landtagswahl,1978-10-15,Gesamt,KBW,Kommunistischer Bund Westdeutschland (KBW),Zweitstimme,1
Landtagswahl,1978-10-15,Gesamt,UWV,Unabhängige Wähler-Vereinigung der Stadt Weilheim,Zweitstimme,2
Landtagswahl,1982-10-10,Gesamt,CSU,Christlich-Soziale Union in Bayern e.V. (CSU),Zweitstimme,5361
Landtagswahl,1982-10-10,Gesamt,SPD,Sozialdemokratische Partei Deutschlands (SPD),Zweitstimme,3177
Landtagswahl,1982-10-10,Gesamt,GRUENE,BÜNDNIS 90/DIE GRÜNEN (GRÜNE),Zweitstimme,746
Landtagswahl,1982-10-10,Gesamt,FDP,Freie Demokratische Partei (FDP),Zweitstimme,1003
Landtagswahl,1982-10-10,Gesamt,BP,Bayernpartei (BP),Zweitstimme,64
Landtagswahl,1982-10-10,Gesamt,OEDP,Ökologisch-Demokratische Partei (ÖDP),Zweitstimme,83
Landtagswahl,1982-10-10,Gesamt,NPD,Nationaldemokratische Partei Deutschlands (NPD),Zweitstimme,29
Landtagswahl,1982-10-10,Gesamt,DKP,Deutsche Kommunistische Partei (DKP),Zweitstimme,3
Landtagswahl,1982-10-10,Gesamt,FAMILIE,Familien-Partei Deutschlands (FAMILIE),Zweitstimme,11
Landtagswahl,1982-10-10,Gesamt,IWP,Internationale Weltfriedens Partei (IWP),Zweitstimme,4
Landtagswahl,1986-10-12,Gesamt,CSU,Christlich-Soziale Union in Bayern e.V. (CSU),Zweitstimme,5377
Landtagswahl,1986-10-12,Gesamt,SPD,Sozialdemokratische Partei Deutschlands (SPD),Zweitstimme,2187
Landtagswahl,1986-10-12,Gesamt,GRUENE,BÜNDNIS 90/DIE GRÜNEN (GRÜNE),Zweitstimme,1330
Landtagswahl,1986-10-12,Gesamt,FDP,Freie Demokratische Partei (FDP),Zweitstimme,983
Landtagswahl,1986-10-12,Gesamt,BP,Bayernpartei (BP),Zweitstimme,56
Landtagswahl,1986-10-12,Gesamt,OEDP,Ökologisch-Demokratische Partei (ÖDP),Zweitstimme,124
Landtagswahl,1986-10-12,Gesamt,REP,DIE REPUBLIKANER (REP),Zweitstimme,210
Landtagswahl,1986-10-12,Gesamt,NPD,Nationaldemokratische Partei Deutschlands (NPD),Zweitstimme,20
Landtagswahl,1986-10-12,Gesamt,CBV,Christliche Bayerische Volkspartei (C.B.V.),Zweitstimme,3
Landtagswahl,1986-10-12,Gesamt,BSP,Bayerische Staatspartei (BSP),Zweitstimme,3
Landtagswahl,1986-10-12,Gesamt,IWP,Internationale Weltfriedens Partei (IWP),Zweitstimme,8
Landtagswahl,1986-10-12,Gesamt,FVP,Freiheitliche Volkspartei (FVP),Zweitstimme,10
Landtagswahl,1986-10-12,Gesamt,UNABHAENGIGE,Parteifreie und Unabhängige Wählergemeinschaft,Zweitstimme,4
Landtagswahl,1986-10-12,Gesamt,HP,Humanistische Partei (HP),Zweitstimme,4
Landtagswahl,1990-10-14,Gesamt,CSU,Christlich-Soziale Union in Bayern e.V. (CSU),Zweitstimme,5781
Landtagswahl,1990-10-14,Gesamt,SPD,Sozialdemokratische Partei Deutschlands (SPD),Zweitstimme,2202
Landtagswahl,1990-10-14,Gesamt,GRUENE,BÜNDNIS 90/DIE GRÜNEN (GRÜNE),Zweitstimme,961
Landtagswahl,1990-10-14,Gesamt,FDP,Freie Demokratische Partei (FDP),Zweitstimme,1065
Landtagswahl,1990-10-14,Gesamt,BP,Bayernpartei (BP),Zweitstimme,71
Landtagswahl,1990-10-14,Gesamt,OEDP,Ökologisch-Demokratische Partei (ÖDP),Zweitstimme,138
Landtagswahl,1990-10-14,Gesamt,REP,DIE REPUBLIKANER (REP),Zweitstimme,206
Landtagswahl,1990-10-14,Gesamt,LIGA,CHRISTLICHE LIGA Die Partei für das Leben (LIGA),Zweitstimme,5
Landtagswahl,1994-09-25,Gesamt,CSU,Christlich-Soziale Union in Bayern e.V. (CSU),Zweitstimme,5653
Landtagswahl,1994-09-25,Gesamt,SPD,Sozialdemokratische Partei Deutschlands (SPD),Zweitstimme,2942
Landtagswahl,1994-09-25,Gesamt,GRUENE,BÜNDNIS 90/DIE GRÜNEN (GRÜNE),Zweitstimme,709
Landtagswahl,1994-09-25,Gesamt,FDP,Freie Demokratische Partei (FDP),Zweitstimme,680
Landtagswahl,1994-09-25,Gesamt,BP,Bayernpartei (BP),Zweitstimme,66
Landtagswahl,1994-09-25,Gesamt,OEDP,Ökologisch-Demokratische Partei (ÖDP),Zweitstimme,189
Landtagswahl,1994-09-25,Gesamt,REP,DIE REPUBLIKANER (REP),Zweitstimme,192
Landtagswahl,1994-09-25,Gesamt,LIGA,CHRISTLICHE LIGA Die Partei für das Leben (LIGA),Zweitstimme,14
Landtagswahl,1994-09-25,Gesamt,BFB,"BUND FREIER BÜRGER - OFFENSIVE FÜR DEUTSCHLAND, Die Freiheitlichen",Zweitstimme,142
Landtagswahl,1998-09-13,Gesamt,CSU,Christlich-Soziale Union in Bayern e.V. (CSU),Zweitstimme,6780
Landtagswahl,1998-09-13,Gesamt,SPD,Sozialdemokratische Partei Deutschlands (SPD),Zweitstimme,2646
Landtagswahl,1998-09-13,Gesamt,FREIEWAEHLER,FREIE WÄHLER Bayern,Zweitstimme,122
Landtagswahl,1998-09-13,Gesamt,GRUENE,BÜNDNIS 90/DIE GRÜNEN (GRÜNE),Zweitstimme,820
Landtagswahl,1998-09-13,Gesamt,FDP,Freie Demokratische Partei (FDP),Zweitstimme,340
Landtagswahl,1998-09-13,Gesamt,BP,Bayernpartei (BP),Zweitstimme,41
Landtagswahl,1998-09-13,Gesamt,OEDP,Ökologisch-Demokratische Partei (ÖDP),Zweitstimme,199
Landtagswahl,1998-09-13,Gesamt,REP,DIE REPUBLIKANER (REP),Zweitstimme,191
Landtagswahl,1998-09-13,Gesamt,HP,Humanistische Partei (HP),Zweitstimme,4
Landtagswahl,1998-09-13,Gesamt,BFB,"BUND FREIER BÜRGER - OFFENSIVE FÜR DEUTSCHLAND, Die Freiheitlichen",Zweitstimme,90
Landtagswahl,1998-09-13,Gesamt,NATURGESETZ,"NATURGESETZ PARTEI, AUFBRUCH ZU NEUEM BEWUSSTSEIN",Zweitstimme,12
Landtagswahl,1998-09-13,Gesamt,FBU,FREIE BÜRGER UNION (FBU),Zweitstimme,93
Landtagswahl,1998-09-13,Gesamt,ASP,Automobile-Steuerzahler-Partei (ASP),Zweitstimme,36
Landtagswahl,1998-09-13,Gesamt,PBC,Partei Bibeltreuer Christen (PBC),Zweitstimme,9
Landtagswahl,1998-09-13,Gesamt,PARTEI6,'DIE 6.PARTEI' JUGEND & FRAUENLISTE ('6.PARTEI'),Zweitstimme,11
Landtagswahl,2003-09-21,Gesamt,CSU,Christlich-Soziale Union in Bayern e.V. (CSU),Zweitstimme,6197
Landtagswahl,2003-09-21,Gesamt,SPD,Sozialdemokratische Partei Deutschlands (SPD),Zweitstimme,1865
Landtagswahl,2003-09-21,Gesamt,FREIEWAEHLER,FREIE WÄHLER Bayern,Zweitstimme,194
Landtagswahl,2003-09-21,Gesamt,GRUENE,BÜNDNIS 90/DIE GRÜNEN (GRÜNE),Zweitstimme,1058
Landtagswahl,2003-09-21,Gesamt,FDP,Freie Demokratische Partei (FDP),Zweitstimme,580
Landtagswahl,2003-09-21,Gesamt,BP,Bayernpartei (BP),Zweitstimme,36
Landtagswahl,2003-09-21,Gesamt,OEDP,Ökologisch-Demokratische Partei (ÖDP),Zweitstimme,125
Landtagswahl,2003-09-21,Gesamt,REP,DIE REPUBLIKANER (REP),Zweitstimme,90
Landtagswahl,2003-09-21,Gesamt,BUESO,Bürgerrechtsbewegung Solidarität (BüSo),Zweitstimme,4
Landtagswahl,2003-09-21,Gesamt,BB,BÜRGER-BLOCK e.V. (BB),Zweitstimme,5
Landtagswahl,2003-09-21,Gesamt,PBC,Partei Bibeltreuer Christen (PBC),Zweitstimme,17
Landtagswahl,2003-09-21,Gesamt,AUFBRUCH,"Aufbruch für Bürgerrechte, Freiheit und Gesundheit",Zweitstimme,11
Landtagswahl,2008-09-28,Gesamt,CSU,Christlich-Soziale Union in Bayern e.V. (CSU),Zweitstimme,4371
Landtagswahl,2008-09-28,Gesamt,SPD,Sozialdemokratische Partei Deutschlands (SPD),Zweitstimme,2018
Landtagswahl,2008-09-28,Gesamt,FREIEWAEHLER,FREIE WÄHLER Bayern,Zweitstimme,521
Landtagswahl,2008-09-28,Gesamt,GRUENE,BÜNDNIS 90/DIE GRÜNEN (GRÜNE),Zweitstimme,1348
Landtagswahl,2008-09-28,Gesamt,FDP,Freie Demokratische Partei (FDP),Zweitstimme,1747
Landtagswahl,2008-09-28,Gesamt,DIELINKE,DIE LINKE (DIE LINKE),Zweitstimme,278
Landtagswahl,2008-09-28,Gesamt,BP,Bayernpartei (BP),Zweitstimme,114
Landtagswahl,2008-09-28,Gesamt,OEDP,Ökologisch-Demokratische Partei (ÖDP),Zweitstimme,132
Landtagswahl,2008-09-28,Gesamt,REP,DIE REPUBLIKANER (REP),Zweitstimme,50
Landtagswahl,2008-09-28,Gesamt,NPD,Nationaldemokratische Partei Deutschlands (NPD),Zweitstimme,34
Landtagswahl,2008-09-28,Gesamt,BUESO,Bürgerrechtsbewegung Solidarität (BüSo),Zweitstimme,5
Landtagswahl,2008-09-28,Gesamt,DIEVIOLETTEN,Die Violetten - für spirituelle Politik,Zweitstimme,27
Landtagswahl,2013-09-15,Gesamt,CSU,Christlich-Soziale Union in Bayern e.V. (CSU),Zweitstimme,5906
Landtagswahl,2013-09-15,Gesamt,SPD,Sozialdemokratische Partei Deutschlands (SPD),Zweitstimme,2885
Landtagswahl,2013-09-15,Gesamt,FREIEWAEHLER,FREIE WÄHLER Bayern,Zweitstimme,605
Landtagswahl,2013-09-15,Gesamt,GRUENE,BÜNDNIS 90/DIE GRÜNEN (GRÜNE),Zweitstimme,966
Landtagswahl,2013-09-15,Gesamt,FDP,Freie Demokratische Partei (FDP),Zweitstimme,680
Landtagswahl,2013-09-15,Gesamt,DIELINKE,DIE LINKE (DIE LINKE),Zweitstimme,110
Landtagswahl,2013-09-15,Gesamt,BP,Bayernpartei (BP),Zweitstimme,202
Landtagswahl,2013-09-15,Gesamt,OEDP,Ökologisch-Demokratische Partei (ÖDP),Zweitstimme,147
Landtagswahl,2013-09-15,Gesamt,PIRATEN,Piratenpartei Deutschland (PIRATEN),Zweitstimme,133
Landtagswahl,2013-09-15,Gesamt,REP,DIE REPUBLIKANER (REP),Zweitstimme,46
Landtagswahl,2013-09-15,Gesamt,BUESO,Bürgerrechtsbewegung Solidarität (BüSo),Zweitstimme,6
Landtagswahl,2013-09-15,Gesamt,DIEFREIHEIT,Bürgerrechtspartei für mehr Freiheit und Demokratie - DIE FREIHEIT,Zweitstimme,30
Landtagswahl,2018-10-14,Gesamt,CSU,Christlich-Soziale Union in Bayern e.V. (CSU),Zweitstimme,4727
Landtagswahl,2018-10-14,Gesamt,SPD,Sozialdemokratische Partei Deutschlands (SPD),Zweitstimme,1174
Landtagswahl,2018-10-14,Gesamt,FREIEWAEHLER,FREIE WÄHLER Bayern,Zweitstimme,1147
Landtagswahl,2018-10-14,Gesamt,GRUENE,BÜNDNIS 90/DIE GRÜNEN (GRÜNE),Zweitstimme,3225
Landtagswahl,2018-10-14,Gesamt,FDP,Freie Demokratische Partei (FDP),Zweitstimme,1382
Landtagswahl,2018-10-14,Gesamt,DIELINKE,DIE LINKE (DIE LINKE),Zweitstimme,301
Landtagswahl,2018-10-14,Gesamt,BP,Bayernpartei (BP),Zweitstimme,174
Landtagswahl,2018-10-14,Gesamt,OEDP,Ökologisch-Demokratische Partei (ÖDP),Zweitstimme,174
Landtagswahl,2018-10-14,Gesamt,PIRATEN,Piratenpartei Deutschland (PIRATEN),Zweitstimme,59
Landtagswahl,2018-10-14,Gesamt,AFD,Alternative für Deutschland (AfD),Zweitstimme,771
Landtagswahl,2018-10-14,Gesamt,LKR,Liberal-Konservative Reformer - Die EURO-Kritiker,Zweitstimme,8
Landtagswahl,2018-10-14,Gesamt,MUT,mut,Zweitstimme,53
Landtagswahl,2018-10-14,Gesamt,DIEHUMANISTEN,Partei der Humanisten (PdH),Zweitstimme,12
Landtagswahl,2018-10-14,Gesamt,DIEPARTEI,"Partei für Arbeit, Rechtsstaat, Tierschutz, ... (Die PARTEI)",Zweitstimme,48
Landtagswahl,2018-10-14,Gesamt,GESUNDHEIT,Partei für Gesundheitsforschung,Zweitstimme,8
Landtagswahl,2018-10-14,Gesamt,TIERSCHUTZ,PARTEI MENSCH UMWELT TIERSCHUTZ (Tierschutzpartei),Zweitstimme,94
Landtagswahl,2018-10-14,Gesamt,V-PARTEI,"V-Partei - Partei für Veränderung, Vegetarier und Veganer (V-Partei)",Zweitstimme,16
Landtagswahl,2023-10-08,Gesamt,CSU,Christlich-Soziale Union in Bayern e.V. (CSU),Zweitstimme,5415
Landtagswahl,2023-10-08,Gesamt,SPD,Sozialdemokratische Partei Deutschlands (SPD),Zweitstimme,1156
Landtagswahl,2023-10-08,Gesamt,FREIEWAEHLER,FREIE WÄHLER Bayern,Zweitstimme,1326
Landtagswahl,2023-10-08,Gesamt,GRUENE,BÜNDNIS 90/DIE GRÜNEN (GRÜNE),Zweitstimme,2761
Landtagswahl,2023-10-08,Gesamt,FDP,Freie Demokratische Partei (FDP),Zweitstimme,961
Landtagswahl,2023-10-08,Gesamt,DIELINKE,DIE LINKE (DIE LINKE),Zweitstimme,141
Landtagswahl,2023-10-08,Gesamt,BP,Bayernpartei (BP),Zweitstimme,77
Landtagswahl,2023-10-08,Gesamt,OEDP,Ökologisch-Demokratische Partei (ÖDP),Zweitstimme,164
Landtagswahl,2023-10-08,Gesamt,AFD,Alternative für Deutschland (AfD),Zweitstimme,1011
Landtagswahl,2023-10-08,Gesamt,DIEBASIS,Basisdemokratische Partei Deutschland,Zweitstimme,81
Landtagswahl,2023-10-08,Gesamt,VOLT,Volt Deutschland,Zweitstimme,110
Landtagswahl,2023-10-08,Gesamt,DIEHUMANISTEN,Partei der Humanisten (PdH),Zweitstimme,35
Landtagswahl,2023-10-08,Gesamt,DIEPARTEI,"Partei für Arbeit, Rechtsstaat, Tierschutz, ... (Die PARTEI)",Zweitstimme,87
Landtagswahl,2023-10-08,Gesamt,TIERSCHUTZ,PARTEI MENSCH UMWELT TIERSCHUTZ (Tierschutzpartei),Zweitstimme,146
Landtagswahl,2023-10-08,Gesamt,V-PARTEI,"V-Partei - Partei für Veränderung, Vegetarier und Veganer (V-Partei)",Zweitstimme,17
Gemeinderatswahl,1978-03-05,Gesamt,CSU,Christlich-Soziale Union in Bayern e.V. (CSU),,3822
Gemeinderatswahl,1978-03-05,Gesamt,SPD,Sozialdemokratische Partei Deutschlands (SPD),,1725
Gemeinderatswahl,1978-03-05,Gesamt,FDP,Freie Demokratische Partei (FDP),,646
Gemeinderatswahl,1978-03-05,Gesamt,DKP,Deutsche Kommunistische Partei (DKP),,11
Gemeinderatswahl,1978-03-05,Gesamt,WAEHLERGRUPPEN,Wählergruppen,,1778
Gemeinderatswahl,1984-03-18,Gesamt,CSU,Christlich-Soziale Union in Bayern e.V. (CSU),,4502
Gemeinderatswahl,1984-03-18,Gesamt,SPD,Sozialdemokratische Partei Deutschlands (SPD),,2070
Gemeinderatswahl,1984-03-18,Gesamt,GRUENE,BÜNDNIS 90/DIE GRÜNEN (GRÜNE),,681
Gemeinderatswahl,1984-03-18,Gesamt,FDP,Freie Demokratische Partei (FDP),,624
Gemeinderatswahl,1984-03-18,Gesamt,WAEHLERGRUPPEN,Wählergruppen,,1329
Gemeinderatswahl,1990-03-18,Gesamt,CSU,Christlich-Soziale Union in Bayern e.V. (CSU),,4826
Gemeinderatswahl,1990-03-18,Gesamt,SPD,Sozialdemokratische Partei Deutschlands (SPD),,2883
Gemeinderatswahl,1990-03-18,Gesamt,GRUENE,BÜNDNIS 90/DIE GRÜNEN (GRÜNE),,1017
Gemeinderatswahl,1990-03-18,Gesamt,FDP,Freie Demokratische Partei (FDP),,664
Gemeinderatswahl,1990-03-18,Gesamt,WAEHLERGRUPPEN,Wählergruppen,,1252
Gemeinderatswahl,1996-03-10,Gesamt,CSU,Christlich-Soziale Union in Bayern e.V. (CSU),,4042
Gemeinderatswahl,1996-03-10,Gesamt,SPD,Sozialdemokratische Partei Deutschlands (SPD),,2378
Gemeinderatswahl,1996-03-10,Gesamt,GRUENE,BÜNDNIS 90/DIE GRÜNEN (GRÜNE),,716
Gemeinderatswahl,1996-03-10,Gesamt,FDP,Freie Demokratische Partei (FDP),,506
Gemeinderatswahl,1996-03-10,Gesamt,OEDP,Ökologisch-Demokratische Partei (ÖDP),,227
Gemeinderatswahl,1996-03-10,Gesamt,FBU,FREIE BÜRGER UNION (FBU),,350
Gemeinderatswahl,1996-03-10,Gesamt,WAEHLERGRUPPEN,Wählergruppen,,1193
Gemeinderatswahl,2002-03-03,Gesamt,CSU,Christlich-Soziale Union in Bayern e.V. (CSU),,6305
Gemeinderatswahl,2002-03-03,Gesamt,SPD,Sozialdemokratische Partei Deutschlands (SPD),,2018
Gemeinderatswahl,2002-03-03,Gesamt,GRUENE,BÜNDNIS 90/DIE GRÜNEN (GRÜNE),,763
Gemeinderatswahl,2002-03-03,Gesamt,FDP,Freie Demokratische Partei (FDP),,467
Gemeinderatswahl,2002-03-03,Gesamt,FBU,FREIE BÜRGER UNION (FBU),,518
Gemeinderatswahl,2002-03-03,Gesamt,WAEHLERGRUPPEN,Wählergruppen,,687
Gemeinderatswahl,2008-03-02,Gesamt,CSU,Christlich-Soziale Union in Bayern e.V. (CSU),,5866
Gemeinderatswahl,2008-03-02,Gesamt,SPD,Sozialdemokratische Partei Deutschlands (SPD),,1669
Gemeinderatswahl,2008-03-02,Gesamt,GRUENE,BÜNDNIS 90/DIE GRÜNEN (GRÜNE),,1139
Gemeinderatswahl,2008-03-02,Gesamt,FDP,Freie Demokratische Partei (FDP),,565
Gemeinderatswahl,2008-03-02,Gesamt,FBU,FREIE BÜRGER UNION (FBU),,521
Gemeinderatswahl,2008-03-02,Gesamt,WAEHLERGRUPPEN,Wählergruppen,,992
Gemeinderatswahl,2014-03-16,Gesamt,CSU,Christlich-Soziale Union in Bayern e.V. (CSU),,3750
Gemeinderatswahl,2014-03-16,Gesamt,SPD,Sozialdemokratische Partei Deutschlands (SPD),,1387
Gemeinderatswahl,2014-03-16,Gesamt,GRUENE,BÜNDNIS 90/DIE GRÜNEN (GRÜNE),,1268
Gemeinderatswahl,2014-03-16,Gesamt,FDP,Freie Demokratische Partei (FDP),,429
Gemeinderatswahl,2014-03-16,Gesamt,GEMWAHLVOR,Gemeinsame Wahlvorschläge,,489
Gemeinderatswahl,2014-03-16,Gesamt,WAEHLERGRUPPEN,Wählergruppen,,1485
Gemeinderatswahl,2020-03-15,Gesamt,CSU,Christlich-Soziale Union in Bayern e.V. (CSU),,4854
Gemeinderatswahl,2020-03-15,Gesamt,SPD,Sozialdemokratische Partei Deutschlands (SPD),,1804
Gemeinderatswahl,2020-03-15,Gesamt,GRUENE,BÜNDNIS 90/DIE GRÜNEN (GRÜNE),,2878
Gemeinderatswahl,2020-03-15,Gesamt,FDP,Freie Demokratische Partei (FDP),,721
Gemeinderatswahl,2020-03-15,Gesamt,FREIEWAEHLER,FREIE WÄHLER Bayern,,1312
Gemeinderatswahl,2020-03-15,Gesamt,AFD,Alternative für Deutschland (AfD),,269
